Workbook

Sheet Values to paste in
B1: 3 | C1: 6 | F1: 8 | I1: 5
A2: 8 | F2: 3 | G2: 2 | H2: 4
A3: 5 | D3: 6 | E3: 1 | I3: 7
B4: 7 | E4: 2 | F4: 6 | H4: 8
A5: 1 | E5: 8 | G5: 4 | I5: 9
A6: 2 | B6: 8 | C6: 5 | D6: 3
C7: 2 | D7: 5 | F7: 1 | G7: 6
A8: 3 | B8: 9 | D8: 4 | I8: 2
E9: 9 | G9: 3 | H9: 7 | I9: 4

Sheet Range_to_numbers
A1: Range | B1: Value | C1: Column | D1: Row | E1: Box_position
A2: A1 | B2: {=INDEX('Values to paste in'!$A$1:$I$9,D2,C2)} -> 0 | C2: 1 | D2: 1 | E2: =QUOTIENT((D2-1),3)*3+QUOTIENT((C2-1),3)+1 -> 1
A3: A2 | B3: {=INDEX('Values to paste in'!$A$1:$I$9,D3,C3)} -> 8 | C3: 1 | D3: 2 | E3: =QUOTIENT((D3-1),3)*3+QUOTIENT((C3-1),3)+1 -> 1
A4: A3 | B4: {=INDEX('Values to paste in'!$A$1:$I$9,D4,C4)} -> 5 | C4: 1 | D4: 3 | E4: =QUOTIENT((D4-1),3)*3+QUOTIENT((C4-1),3)+1 -> 1
A5: A4 | B5: {=INDEX('Values to paste in'!$A$1:$I$9,D5,C5)} -> 0 | C5: 1 | D5: 4 | E5: =QUOTIENT((D5-1),3)*3+QUOTIENT((C5-1),3)+1 -> 4
A6: A5 | B6: {=INDEX('Values to paste in'!$A$1:$I$9,D6,C6)} -> 1 | C6: 1 | D6: 5 | E6: =QUOTIENT((D6-1),3)*3+QUOTIENT((C6-1),3)+1 -> 4
A7: A6 | B7: {=INDEX('Values to paste in'!$A$1:$I$9,D7,C7)} -> 2 | C7: 1 | D7: 6 | E7: =QUOTIENT((D7-1),3)*3+QUOTIENT((C7-1),3)+1 -> 4
A8: A7 | B8: {=INDEX('Values to paste in'!$A$1:$I$9,D8,C8)} -> 0 | C8: 1 | D8: 7 | E8: =QUOTIENT((D8-1),3)*3+QUOTIENT((C8-1),3)+1 -> 7
A9: A8 | B9: {=INDEX('Values to paste in'!$A$1:$I$9,D9,C9)} -> 3 | C9: 1 | D9: 8 | E9: =QUOTIENT((D9-1),3)*3+QUOTIENT((C9-1),3)+1 -> 7
A10: A9 | B10: {=INDEX('Values to paste in'!$A$1:$I$9,D10,C10)} -> 0 | C10: 1 | D10: 9 | E10: =QUOTIENT((D10-1),3)*3+QUOTIENT((C10-1),3)+1 -> 7
A11: B1 | B11: {=INDEX('Values to paste in'!$A$1:$I$9,D11,C11)} -> 3 | C11: 2 | D11: 1 | E11: =QUOTIENT((D11-1),3)*3+QUOTIENT((C11-1),3)+1 -> 1
A12: B2 | B12: {=INDEX('Values to paste in'!$A$1:$I$9,D12,C12)} -> 0 | C12: 2 | D12: 2 | E12: =QUOTIENT((D12-1),3)*3+QUOTIENT((C12-1),3)+1 -> 1
A13: B3 | B13: {=INDEX('Values to paste in'!$A$1:$I$9,D13,C13)} -> 0 | C13: 2 | D13: 3 | E13: =QUOTIENT((D13-1),3)*3+QUOTIENT((C13-1),3)+1 -> 1
... A82: I9 | B82: {=INDEX('Values to paste in'!$A$1:$I$9,D82,C82)} -> 4 | C82: 9 | D82: 9 | E82: =QUOTIENT((D82-1),3)*3+QUOTIENT((C82-1),3)+1 -> 9
